question,answer
人工智能相关关键技术及其分类号,"1.人工智能硬件平台
1.智能芯片
技术方向：FPGA、AI芯片、智能集成电路、CPLD等、智能单片机、ASIC、GPU、SOC芯片、类脑芯片、智能芯片
分类号：H05K、H03K、H01L、G06F、G06T、G16B、G06N、G06V、G06K、G16H、G16C、G05B19/00、G11C13/00
2.人工智能通用技术
1.机器学习
技术方向：深度学习、强化学习、集成学习等、机器学习、决策树、隐私计算、支持向量机
分类号：G10L、G06F、G06N、G06V、G06K、G06Q、G06T
2.知识图谱
技术方向：本体论等、知识图谱、知识融合、知识提取、知识加工
分类号：G06Q、G06N、G06F16/00
3.类脑智能计算
技术方向：大脑模拟、脑模型、虚拟生物等、人造生命、神经计算、合成生活
分类号：G06N3/00、G06F9/00、G06K9/00、G06N20/00、G06F16/00、H04L12/00、G05B13/00
4.量子智能计算
技术方向：硅基半导体量子处理器、离子阱量子处理器、量子算法、量子比特、超导量子处理器、量子编程、量子机器学习、光量子处理器、量子力学等
分类号：G06F、G16B、H01L、G06E1/00、G02F2/00、G16C10/00、H04B10/00、G05B19/00、B82Y10/00、G06N10/00
5.模式识别
技术方向：模式分类、模式识别、模式聚类、信号模式识别、对象识别、客体识别等
分类号：G06V、A61B5/00、G06K9/00、G06T7/00
6.群体智能
技术方向：粒子群算法、蚁群算法、虚拟世界等、社会模拟、蝙蝠算法、狼群算法、果蝇算法
分类号：G08G、B64D、G06F、B64C、G01S、G05B、G06T、H04N、G06N、G05D、G06Q、G01C、H04B、G06K、H02J、B23P、H04L、H04W、B64G1/00、B25J9/00、B60W30/00
7.混合智能
技术方向：机器智能、生物智能、人形机器人等、宠物机器人
分类号：G06N、G10L、G06Q、G06T、G06K9/00、B23Q23/00、B23Q15/00、B25J11/00、B23Q16/00
3.人工智能关键技术
1.自然语言处理
技术方向：机器问答等、自然语言查询、机器翻译、分词、字符识别、知识图谱、语法分析、语义处理、词频统计
分类号：G06N3/00、G06N5/00、G06K9/00、G06F40/00、G06F16/00、G06V20/00、G06V30/00
2.智能语音
技术方向：语音控制等、语音合成、语音传感、语音识别、语音检索、声纹识别
分类号：G06K9/00、G10L15/00、G10L25/00、G10L13/00、G01C21/00、G10L19/00、G10L17/00
3.计算机视觉
技术方向：图像检测等、图像识别、图像传感、图像增强、图像检索、图像生成
分类号：G06V、G06T、G06N3/00、G06N7/00、G06K9/00、G06N5/00、G06N20/00、G01S13/00、G06F21/00
4.生物特征识别
技术方向：人脸识别、虹膜识别、DNA识别、活体检测等、指纹识别、行为特征识别、动静脉识别、声纹识别
分类号：C12Q、G10L、G06F、C07K、G16B、G06V、G07C9/00、G06N3/00、H04L9/00、A61B5/00、G06K9/00、G01N33/00、B60W40/00
5.增强现实(AR)/虚拟现实(VR)
技术方向：智能眼镜、虚拟现实、头戴显示器、虚拟游戏、虚拟交互、增强现实、虚拟购物等
分类号：G06F、G16B、G06T、G06K9/00、A63F13/00、G06V20/00、G06Q30/00、H04N13/00、H04N21/00、G02B27/00
6.人机交互
技术方向：视觉轨迹跟踪、数据手套等、眼球追踪、头部轨迹跟踪、人机交互、眼动跟踪
分类号：G10L、G06F、G06T、G06N3/00、G09B5/00、A61B5/00、G06K9/00、A63F13/00、A63B71/00、G05B19/00、B60W50/00、G06V40/00、H04N21/00
"
量子信息技术相关关键技术及其分类号,"1.量子测量
1.重力、旋转和加速度测量
技术方向：量子重力测量、量子引力测量、量子减速度测量、量子加速度测量、量子旋转测量
分类号：G01S、G01P7/00、G01J9/00、G01B9/00、G01V7/00、G01C19/00、G01P15/00、G01C21/00
2.时频基准
技术方向：时间频率、量子同步、时间同步等
分类号：H04J3/00、H04N5/00、H03L7/00、G04F5/00、H04N21/00
3.磁场测量
技术方向：量子生物磁测量、量子磁场测量、量子地磁测量
分类号：G01R、G05F、G01B9/00、G01V3/00、H03L7/00、G01K7/00、A61B5/00、H01L39/00、G01N24/00、G01Q60/00
4.化学检测
技术方向：量子点荧光、量子点发光等
分类号：G01N21/00、G01N23/00、G01N24/00、G01N27/00
5.目标识别
技术方向：量子光子成像、量子图形、关联成像、量子显微、量子影像、鬼成像
分类号：G01N、H04N、G01T、G02B、G01S、G01J、H01L、A61B、G06T、G02F1/00、G01C3/00、G01R33/00、G01Q60/00、G06N99/00
2.量子计算
1.量子计算处理器
技术方向：超导量子、分布式量子处理器、量子比特、量子非谐波振荡器、量子芯片、约瑟夫森效应、多维集成量子芯片等
分类号：G02F、G06F、G02B、H04B、G01V、H04L、H01L、G06N99/00、B82Y10/00、G06N10/00
2.量子软件与算法
技术方向：shor算法、量子算法、gover算法、因式分解、量子编码、量子软件
分类号：G06F、G06N、G06Q、G06T1/00、G06K9/00、G06T7/00、G05B19/00、B82Y10/00
3.量子模拟
技术方向：量子仿真等、量子模拟器、量子类比、量子计算模拟、量子线路设计
分类号：G08G、G06F、G16B、G06K、G06Q、G16C、G06N3/00、G06N99/00、G16H50/00、G06N10/00
3.量子通信
1.量子密钥分发(QKD)
技术方向：量子状态特性等、光量子密钥分发、量子密钥分配
分类号：H04K1/00、H04L9/00、H04W12/00、H04H60/00、H04B10/00、G06F21/00、G06N10/00
2.量子隐形传态(QT)
技术方向：量子态变换、量子隐形传态、量子状态传递、贝尔态分辨、纠缠粒子
分类号：H01L、H04K1/00、H04L9/00、H04B10/00、G11C13/00、B82Y10/00、G06N10/00
3.抗量子计算破解加密(PQC)算法
技术方向：抗量子计算、后量子加密等
分类号：H04L9/00、H04K1/00、G06F21/00
4.量子随机数发生器(QRNG)
技术方向：量子随机数生成
分类号：H04K1/00、H04L9/00、G06F7/00、H04W12/00、H04H60/00、H04B10/00、B82Y10/00、G06F21/00、G06N10/00
5.量子态检测
技术方向：纠缠态测量、量子态测量
分类号：H04K1/00、H04L9/00、G06N99/00、H04B10/00、G06N10/00
"
区块链相关关键技术及其分类号,"1.核心技术
1.数据存储
技术方向：存储请求、根节点、存储系统、交易数据、时间戳、存储指令、哈希值、存储加密、区块头、存储路径、区块体、节点分配
分类号：H04L9/00、G06F9/00、H04L67/00、G06F16/00、G06Q20/00、G06Q40/00、G06F21/00
2.密码算法
技术方向：数字签名、密码算法、加密算法、同态加密、密钥分配、哈希、私钥、单密钥算法、对称加密、非对称加密、椭圆曲线加密算法、公钥
分类号：H04L9/00、G06Q20/00、G06F21/00
3.对等网络
技术方向：去中心化、点对点技术、通信机制、验证机制、P2P网络、矿池挖矿协议、以太坊、工作组网
分类号：H04L9/00、G06F9/00、H04L45/00、H04L12/00、G06Q20/00、H04L67/00、G06F21/00
4.共识机制
技术方向：共识节点、委员会证明、可替代证明、混合共识、共识算法、权威证明、工作量证明、POA、行动证明
分类号：H04L9/00、G06Q20/00、H04L67/00、G06F11/00
5.智能合约
技术方向：可信交易、智能合约、智能合约代码、业务规则、智能合同
分类号：G06F9/00、G06F8/00、H04L67/00、G06Q10/00、G06Q20/00、G06Q30/00、G06Q40/00、G06F21/00
2.增强技术
1.隐私计算
技术方向：多方中介计算等、安全多方计算、同态加密、联邦学习、机密计算
分类号：G06N3/00、H04L9/00、G06N20/00、G06F21/00、G06N99/00
2.跨链技术
技术方向：哈希锁定、中继、侧链、分布式私钥、公证人机制
分类号：H04L9/00、G06Q20/00、H04L67/00、G06Q40/00
"
工业互联网相关关键技术及其分类号,"1.网络层
1.关键设备
技术方向：图像传感器、温度传感器、智能传感系统、智能传感器、语音传感器、触觉传感器、湿度传感器、距离传感器、加速度传感器、智能传感元件
分类号：G01B、G01R、B81B、G01T、G06F、G01S、G01J、G05B、G06T、G01K、G16Y、G10L、H04N、G01H、G02B、G01P、G06V、G01L、G08C、G01C、G01M、G01D、G21K、H04Q、G01V、G01F、G01N、B65G、H04R、B25J、H02J、B81C、H04L、H01L、H04W、G06N3/00、G06K9/00、G05D1/00、A61B5/00、B07C5/00、H01R13/00
2.网络服务
技术方向：接入网切片、核心网切片、NSSMF、NSSP、NSSI、NSMF、NSSAI、NSI、网络切片、传输网切片
分类号：G06F、G01J、H01Q、G16Y、H04N、H04M、G02B、G08C、H04B、H04Q、H04J、H04L、H04W、G07C9/00、G02F1/00、G08G1/00、H01P1/00、G06T3/00、G11C29/00、G01N33/00、G05B19/00、G01R29/00、G03B35/00、G01D21/00、G08B25/00、H03M13/00
3.标识解析体系
技术方向：物联网编码、产品电子代码、标识编码、EPC编码
分类号：G16Y、G06F、H04L、G06K9/00、G05D1/00、G06Q10/00、G06K19/00、G06K17/00、G06Q50/00、G06Q30/00
2.平台层
1.工业大数据
技术方向：工业大数据
分类号：G16Y、G06Q、H04N、G06F、H02J、G06T、G06N、H04L、G06K、G08C、G06V、H04Q9/00、G05B19/00
2.云平台
技术方向：工业云计算、工业互联网平台、工业云平台
分类号：G06F、G05B、G06T、G16Y、H04N、G06N、G06V、G06Q、G06K、H04L、H04W
3.数字孪生
技术方向：数字镜像、数字映射、信息物理系统、信息镜像模型CPS、数字孪生、数字双胞胎
分类号：G16Y、G06Q、G06F、G06N、G06V、G05B、G06T、G06K9/00、H04L41/00、H04B17/00
4.工业APP
技术方向：工业应用软件、工业APP
分类号：G06F、G05B、G06Q10/00、H04L12/00、G06Q50/00、H04L67/00
5.研发设计类软件
技术方向：计算机辅助设计、CAD
分类号：G06F、G05B、G06V、G06Q、G06T、G06N3/00、G06K9/00、H04L12/00、H04L67/00
6.生产控制类软件
技术方向：工业控制软件、工控软件、过程控制
分类号：G06F、G06N、G05D、G05B、B01D53/00、G06Q10/00、H01L21/00、H04L12/00、G06Q50/00、H04L67/00
7.运维服务类软件
技术方向：MRO、维护维修运行管理
分类号：G06Q、G08C、G01M、G06F、G01R、H03H、G06N、H04L、G05B、G06K9/00、G05D1/00、G07C5/00、G01D21/00
3.安全层
1.设备安全
技术方向：身份鉴别与访问控制、漏洞修复、固件安全增强
分类号：G16Y、G10L、G06F、G07C、H04L、G06K、H04W、G05B、G06N3/00、A61B5/00
2.网络安全
技术方向：工业互联网防火墙、蜜罐、IDPS、DDoS、工业互联网入侵、FWaaS、工业互联网防御、蜜网、工业互联网攻击
分类号：G16Y、G06F、H04Q、H04L、G06K、H04J、H04W、G06N3/00、G05B23/00
3.数据安全
技术方向：数据安全、数据保护、工业互联网加密、工业互联网隐私保护、数据灾备、数据容灾、信息安全、工业互联网信息泄漏、工业互联网密码
分类号：G16Y、H04L、H04W、G06N3/00、G06F11/00、G06F21/00
4.应用安全
技术方向：工业互联网木马、工业互联网恶意软件、工业互联网安全缺陷、工业互联网黑客、工业互联网恶意攻击、工业互联网漏洞
分类号：G16Y、H04L、H04W、G06F9/00、G06F11/00、G06F21/00
5.控制安全
技术方向：工业互联网日志、工业互联网安全管理、工业互联网安全体系、工业互联网审计、工业互联网安全控制
分类号：G16Y、H04L、H04W、G06N3/00、G06F11/00、G06F21/00
"
高端芯片相关关键技术及其分类号,"1.半导体设备
1.光刻机
技术方向：极紫外光刻、EUV光刻、浸没光刻、ArFi光刻等
分类号：G03F、H01L、H05K3/00、H05G2/00
2.离子注入机
技术方向：低能大束流离子注入、高能离子注入、超浅结大束流离子注入、离子束流控制等
分类号：H01L21/00、C30B31/00、H01J37/00、C23C14/00
3.刻蚀设备
技术方向：ALE刻蚀、干法刻蚀、等离子体刻蚀、介质刻蚀、原子层刻蚀、ALET等、等离子刻蚀
分类号：H01L、C23F1/00、C23F4/00、G03F1/00、C23C18/00、H01J37/00、C09K13/00
4.原子层沉积(ALD)设备
技术方向：原子层沉积、ALD
分类号：H01L21/00、C23C16/00
5.CMP抛光机
技术方向：CMP抛光、化学机械抛光
分类号：H01L41/00、H01L21/00、B24B57/00、B24B41/00、B24B29/00、B24B37/00、B24B47/00、B24B55/00
6.量检测设备
技术方向：芯片镀膜厚度测量、晶圆参数测试、功能测试、晶圆测试、老化测试、探针测试等、晶圆缺陷颗粒监测
分类号：G01B、G01R、G01L、B01L、G05D7/00、B08B3/00、G11C29/00、H01L21/00、G01N33/00、H01L23/00
2.半导体材料
1.大硅片
技术方向：8英寸硅片、12英寸晶圆、8英寸晶圆、12英寸硅片、18英寸硅片
分类号：B28D5/00、B24B1/00、C30B15/00、H01L21/00、C30B13/00、B24B37/00、C30B29/00、C01B33/00
2.第四代半导体材料
技术方向：锑化铟、氧化镓、锑化、超窄禁带材料、第四代半导体材料、超宽禁带材料、金刚石、氮化铝
分类号：C01F7/00、C01B32/00、C01G30/00、C01G15/00、H01L29/00、C30B29/00
3.光刻材料
技术方向：感光材料、负型抗蚀剂、光刻胶、正型抗蚀剂、光阻等
分类号：G03F7/00、C08G81/00、C08L53/00、C08F230/00、C08F293/00、C08F212/00、C08F220/00
4.先进制程掩膜版
技术方向：先进制程、28nm节点、先进制造工艺、10nm节点、EUV掩膜版等
分类号：G03F1/00、H01L21/00
5.超高纯金属溅射靶材
技术方向：高纯靶材
分类号：H01L21/00、H01J37/00、C23C14/00
6.CMP抛光材料
技术方向：CMP抛光、化学机械抛光
分类号：C09G1/00、C09K3/00、H01L21/00、B24B37/00、B24B29/00
7.湿电子化学品
技术方向：湿电子化学品、超净高纯试剂、工艺化学品等
分类号：C07C、C11D、C01B7/00、C01C1/00、C01D1/00、C01B15/00、C01B17/00、C09K13/00、C01B21/00、C01B25/00
8.电子特种气体
技术方向：光刻气体、离子注入气体、外延气体、掺杂气体、刻蚀气体等
分类号：C23F1/00、C30B25/00、H01L21/00、C23C16/00、C30B29/00
9.封装基板
技术方向：封装载体等、封装基板
分类号：H01L31/00、H01L33/00、H01L23/00
10.引线框架
技术方向：引线框架
分类号：H01L23/00
3.芯片制造
1.FinFET(鳍型场效应管)工艺
技术方向：鳍结构、FinFET
分类号：G03F7/00、G03F1/00、G06F30/00、H01L21/00、H01L27/00、H01L29/00
2.FDSOI(全耗尽绝缘体上硅)工艺
技术方向：全耗尽绝缘体上硅、超薄绝缘体上硅、FDSOI等
分类号：H01L21/00、H01L27/00、H01L29/00
3.GAAFET(环栅)工艺
技术方向：多桥通道等、纳米线、GAA、纳米片、环栅
分类号：H01L21/00、H01L27/00、H01L29/00
4.叉型片(Forksheet)工艺
技术方向：纳米叉、叉形栅极、介电墙等、纳米梳
分类号：H01L21/00、H01L27/00、H01L29/00
5.CFET(互补型ComplementaryFET)工艺
技术方向：CFET、互补型FET、NMOS堆叠等、PMOS堆叠
分类号：H01L21/00、H01L27/00
6.HKMG工艺
技术方向：高K金属栅、高介电常数金属栅、HKMG、高K材料等
分类号：H01L21/00、H01L29/00
4.封装测试
1.倒装封装技术(Flip-Chip)
技术方向：倒装封装
分类号：G06F、H04L、H01L、G06N3/00、G02B6/00、B07C5/00、G01R31/00
2.芯粒(Chiplet)封装技术
技术方向：高密度互连、裸片互连、裸片封装、Chiplet、小芯片、芯粒
分类号：G06F、H04L、H01L、G06N3/00、G02B6/00、B07C5/00、G01R31/00
3.2.5D封装技术
技术方向：裸片并排、重布线结构封装、硅通孔、25D封装、硅转接板
分类号：H05K、C08G、B32B、C09K、C08L、H01L、B81B7/00、G02B6/00、B81C1/00、G06F30/00
4.3D封装技术
技术方向：3D封装
分类号：H05K、H01L、G11C、H01G4/00
5.4D封装技术
技术方向：内插器、跨工艺裸片封装等、Foveros
分类号：H01L25/00、H01L21/00、H01L33/00、H01L23/00
6.5D封装技术
技术方向：SoIC、系统整合单芯片等、Cow、WoW
分类号：H01L25/00、H01L21/00、H01L33/00、H01L23/00
7.6D封装技术
技术方向：XCube、拓展立方体等
分类号：H01L25/00、H01L21/00、H01L33/00、H01L23/00
8.7D封装技术
技术方向：3DSIP、多元件集成等、多芯片、双芯片
分类号：H01L25/00、H01L21/00、H01L33/00、H01L23/00
9.晶检形陷术图缺技无圆测
技术方向：无图形晶圆形貌检测、无图形晶圆缺陷检测、无图形晶圆性能检测等
分类号：G06T7/00、G01B11/00、H01L21/00、H01L23/00、G01N21/00
5.芯片设计
1.逻辑芯片
技术方向：专用集成电路、多核CPU、图形处理器等、专用芯片
分类号：H05K、H03K、G06F、H04B、G06N、H04L、H01L、G06T、H03C3/00、H04J3/00、H03L7/00、G06K9/00、H04W72/00、G05B19/00、G11C13/00
2.射频芯片
技术方向：射频处理器、射频滤波器等、射频混频器、射频放大器、射频芯片
分类号：G06F、H04B1/00、H01Q1/00、H03F3/00
3.高端存储器
技术方向：阻变存储、磁阻存储、相变存储等
分类号：G11C、H01L
4.EDA工具
技术方向：物理验证、电子设计、布局设计、时序分析等
分类号：G06F30/00、H01L27/00、G06F115/00
"
数字核心经济相关关键技术及其分类号,"1.数字产品制造业
1.计算机制造
技术方向：微型计算机、计算机工作站、服务器等计算机整机设备制造
分类号：H05K、G11B、G11C、G06J、G06E、G06F、H02M、H02J7/00、G10L15/00、G05B19/00、G06N10/00
2.通讯及雷达设备制造
技术方向：传输、固定通信或移动通信的通信接入、交换设备等通信系统设备制造
分类号：H04K、H01Q、H04M、H04B、H04Q、G02B、G01S、H04L、H04J、H04W、G02F1/00、H04N1/00、G08G1/00、A63H30/00
3.数字媒体设备制造
技术方向：广播电视节目的制作设备、发射设备制造、播控设备
分类号：G09G、G11B、H04R、H04H、H04N、H04S、H01L、H01Q、H04M1/00、G09F9/00、G03B21/00、H05K11/00、H04J14/00
4.智能设备制造
技术方向：装配、拆卸、物流等功能的工业机器人制造、焊接、实现搬运、切割、打磨、上下料、喷涂
分类号：H01R、G06F、B64C、G01S、G06T、H05K、F21V、H01F、H04N、G02B、H05B、G05D、G06V、B08B、A47L、B25J、B60R、B60S、A01M、D06F、A61B5/00、G06K9/00、H04W4/00、G07C5/00、G05B19/00、H04L69/00、G03B17/00、B64D47/00、F16M11/00
5.电子元器件及设备制造
技术方向：集成电路、半导体材料、三极管、二极管、太阳能电池片等半导体器件生产设备制造
分类号：G02F、B60Q、H01P、H03L、H01M、G01R、G06F、H01S、H03J、C09K、B61L、H05H、B62J、H02H、H01H、G09G、H05K、G07G、H01F、G10K、H04M、H02B、G02B、H01G、G03F、H05B、H01C、G03B、G01L、H02M、G07D、C23C、G08B、G01M、G02C、H01J、H03H、G11B、H02P、G01N、H04R、C30B、H02J、G07F、H01B、H04L、H01L、H02S
6.其他数字产品制造业
技术方向：录像带、唱片、录音带、磁盘、软盘、光盘等记录媒介复制品
分类号：B22F、C03B、G06M、G05G、G05B、G01K、G07G、G03F、B23K、G03G、G03C、G05D、G07B、G07D、F26B、B29C、G05F、F16K、G06K、G11B、G01F、C22C、F15B、H01B、G07F、G06G3/00、G01M3/00、G02B6/00、G01P5/00、A63F13/00、A61K41/00、C01B33/00、H04L12/00、G01L19/00
2.数字产品服务业
1.数字产品维修
技术方向：计算机维修计算机外部设备维修
分类号：B25H3/00、B25H5/00、B25H1/00、G06Q10/00、G06Q50/00
3.数字技术应用业
1.软件开发
技术方向：操作系统软件、数据库系统软件、对应用软件提供运行支撑的软件开发、搜索引擎、中间软件等对硬件资源调度管理
分类号：H04N、G06F、G06N、H04L、G06K、H04W、G06T、G10L15/00、G01C21/00、G06Q30/00
2.电信、广播电视和卫星传输服务
技术方向：集群通信等通信服务、固定通信、移动通信、通信数据传送、通信设施管理、增值电信
分类号：H04M、H04W、H04B7/00、H04N7/00、H04N17/00、G01S19/00、H04N21/00
3.互联网相关服务
技术方向：涉及因特网虚拟专用网、互联网管理等互联网接入服务
分类号：H04N、G06F、H04L、H04W、G06Q、H01B9/00、A63F13/00、G01C21/00、G05B19/00、G08B25/00、F16L11/00
4.信息技术服务
技术方向：逻辑电路、混合集成电路等集成电路设计、电子标签芯片、智能卡芯片、模拟电路、MOS微器件、微波集成电路、传感器电路
分类号：G09F、G08G、G06F、B81B、G01S、G01J、G05B、G06T、G16Y、G11C、H04N、H04M、G06N、G06Q、G08C、G01C、G01D、H04B、G06K、G01N、G07C、B81C、H04L、H01L、H04W、A63F13/00、G06V20/00
5.其他数字技术应用业
技术方向：3D打印技术开发及3D打印服务
分类号：B33Y、B29C64/00
4.数字要素驱动业
1.互联网平台
技术方向：互联网货物运输平台、互联网大宗商品交易平台、物流平台、互联网货物仓储平台等互联网生产服务平台
分类号：G06Q90/00、G06F17/00、G06Q99/00、G06Q10/00、G06F16/00、H04L12/00、G06Q50/00、G06Q30/00、H04L67/00
2.信息基础设施建设
技术方向：微波、工业互联网、移动通信、卫星、5G等网络设施建设、光缆、物联网
分类号：H04W、H02G1/00、H01B9/00、H04N5/00、G01C21/00、G05B19/00、H04L12/00、F16L11/00、G08B25/00、G08C19/00
3.其他数字要素驱动业
技术方向：量子信息等数字技术研发与数字技术试验发展活动、边缘计算、虚拟现实、人工智能、异构计算、互联网、工业视觉、物联网、增强现实、软件定义网络、大数据
分类号：G08G、G06F、B81B、G01S、G05B、G06T、H05K、G16Y、G11C、G10L、H04N、G06N、G06V、G08C、G01C、G01D、H04B、G16B、G01V、G06K、G16C、G11B、G06J、G07C、B81C、H04L、H01L、H04W、G01P7/00
"
元宇宙相关关键技术及其分类号,"1.沉浸式计算
1.交互技术
技术方向：扩展现实、混合现实、沉浸式体验、虚拟现实、头戴显示器等、增强现实
分类号：G06T、G10L、H04N、G02B、H04S、G06V、G03B、G01C、G16B、G16H、G03H、H01L、G06N3/00、G09B5/00、G09F9/00、G06K9/00、G02F1/00、G09G3/00、G06F3/00、A61B5/00、H04R5/00、G05B19/00、A63B71/00、A63F13/00、G06Q30/00、G01P15/00
2.3D重建
技术方向：数字镜像、数字映射、信息物理系统、信息镜像模型CPS、数字孪生、数字双胞胎
分类号：G16Y、G06Q、G10L、H04N、G06F、H04S、G06N、G06V、G05B、G06T、G06K9/00、A63F13/00、H04L41/00、H04B17/00
3.视频处理
技术方向：多声道、三声道、三维声
分类号：H04S5/00、H04S3/00、H04N7/00、H04N5/00、G06K9/00、G06T9/00、G06V20/00、H04N19/00、H04N13/00
4.空间计算
技术方向：空间计算、空间空间感知、空间测量、移动计算
分类号：G06F3/00、G06T17/00、G06F16/00、G01C21/00、G06V20/00、G06Q50/00、G06T19/00
2.WEB3.0
1.区块链
技术方向：数字签名、密码算法、加密算法、同态加密、密钥分配、哈希、私钥、单密钥算法、对称加密、非对称加密、椭圆曲线加密算法、公钥
分类号：H04L、G06F9/00、G06F8/00、G06Q10/00、G06F11/00、G06Q20/00、G06Q30/00、G06Q40/00、G06F21/00
2.去中心化金融(DeFi)
技术方向：数字藏品、非同质代币、数字化资产、非同质化通证
分类号：H04L9/00、H04L65/00、H04L67/00、G06F16/00、H04L69/00、G06Q20/00、G06Q30/00、G06Q40/00
3.非同质化通证(NFT)
技术方向：数字藏品、非同质代币、数字化资产、非同质化通证
分类号：H04L9/00、H04L65/00、H04L67/00、H04L69/00、G06Q20/00、G06Q30/00、G06Q40/00
4.分布式数字身份(DID)
技术方向：可验证凭证、可验证声明、分布式身份
分类号：G06Q20/00、G06F21/00、G06F16/00
3.新型基础设施
1.人工智能
技术方向：深度学习、强化学习、集成学习等、机器学习、决策树、隐私计算、支持向量机
分类号：G08G、B64D、G06F、B64C、G01S、G05B、G06T、G10L、H04N、G06N、G05D、G06V、G06Q、G01C、H04B、G06K、B23Q、B25J、H02J、B23P、H04L、H04W、B64G1/00、A61B5/00、B60W30/00
2.未来网络
技术方向：接入网切片、核心网切片、NSSMF、NSSP、NSSI、NSMF、NSSAI、NSI、网络切片、传输网切片
分类号：G01J、H01Q、G02B、H04M、H04B、H04J、H04L、H04W、G02F1/00、H01P1/00、G06T3/00、G11C29/00、G06F11/00、G16Y30/00、G01R29/00、H04Q11/00、G08C23/00、G03B35/00、H03M13/00
3.先进计算
技术方向：FPGA、AI芯片、智能集成电路、CPLD等、智能单片机、ASIC、GPU、SOC芯片、类脑芯片、智能芯片
分类号：G02F、G08G、G06F、G05B、G06T、H05K、H04N、G02B、G06N、G06V、G06Q、H03K、H04B、G16B、G01V、G06K、G16C、H04L、H01L、H04W、G16H、H03L7/00、H04J3/00、H03C3/00、B82Y10/00、G11C13/00
4.海量存储
技术方向：磁性存储、磁存储器、磁阻存储、磁性隧道结、磁随机存储、MRAM等
分类号：G11B、G11C、G06F、H01L、H04L65/00、H04L67/00、H04L61/00、H04L69/00
5.安全可信
技术方向：计算机保护、数据加密、身份授权
分类号：G01C、G08G、G11C、G06Q、G11B、G10L、G06F、H04N、H04B、G06N、H04L、G06K、H04W、G05B、G06T、B64G1/00、G01S13/00、B60W30/00
"
物联网相关关键技术及其分类号,"1.感知
1.物联网芯片
技术方向：太赫兹芯片、传感网芯片、FPGA、MCU、处理器芯片、微控制器、NPU、物联网芯片、GPU、RFID芯片、毫米波芯片、射频芯片
分类号：G11C、H01L、H04N、G06F、H04B、H04Q、H04L、G06K、H04J、H04W、G05B19/00
2.智能传感器
技术方向：智能传感器、智能传感系统、智能传感元件
分类号：G01B、G01R、B81B、G01T、G01S、G01J、G01K、G16Y、C12M、G10L、H04N、G01H、G02B、G01P、G08C、G01L、G01C、G01M、G01D、G21K、G01V、G01F、G01N、H04R、B81C、C12N、H01L、C12Q1/00、G06T1/00、G06F3/00、A61B5/00
3.高精度定位
技术方向：高清定位、高分辨率定位、高精度定位、高可靠定位
分类号：G08G、H04L、H04B、G01S、H04W、G06T7/00、G01C21/00、G16Y40/00、G06V10/00
2.通信
1.近距离无线通信
技术方向：近距离传输、Bluetooth、蓝牙
分类号：H01P、G16Y、H03F、G08B、H04N、H04B、H05B、G01S、H04L、G06K、H04W、H01Q、G07C9/00、G08C17/00、G05B19/00
2.非授权频谱无线广域通信
技术方向：LoRa
分类号：G05B、G16Y、H04B、H04L、H04W、G07C9/00、G08C17/00、G06K17/00
3.蜂窝移动物联网
技术方向：窄带物联网、NBIoT
分类号：H04N、G06F、G07C、H04B、H04L、H04W、G05B、G08G1/00、G01N33/00、G08C17/00、G01D21/00、G08B25/00、G16Y30/00
4.5G
技术方向：接入网切片、核心网切片、NSSMF、NSSP、NSSI、NSMF、NSSAI、NSI、网络切片、传输网切片
分类号：H04W、H04M、H04B、H04L、H04J、H01Q、H01P1/00、H04Q11/00、G11C29/00、H03M13/00、G06F11/00、G16Y30/00
5.6G
技术方向：大规模天线、有源天线阵列、3D波束赋形、6G天线、MUMIMO、FDMIMO、3DMIMO、大规模MIMO
分类号：H01Q、H04W、H04M、H04B、G02B、H04L、H04J、G01J、G02F1/00、G06T3/00、G01R29/00、G08C23/00、G03B35/00
6.卫星通信
技术方向：静止地球轨道卫星、移动卫星通信、卫星遥感、卫星定位、卫星电话、卫星通信、VSAT系统
分类号：G16Y、G08G、H04M、G01S、H04L、H04W、H04B7/00、H04B1/00、G01C21/00、G05B19/00
7.IPV6技术
技术方向：互联网协议第6版、IPV6
分类号：H04W8/00、H04W80/00、H04L61/00、H04L69/00、H04L12/00、G16Y30/00、H04L67/00
8.网络功能虚拟化(NFV)
技术方向：网络功能虚拟化、虚拟化网络、NFV
分类号：G06F9/00、G16Y30/00、H04L67/00、H04L41/00
9.软件定义网络(SDN)
技术方向：SDN、软件定义网络
分类号：G16Y30/00、H04L67/00、H04L41/00
3.计算
1.物联网操作系统
技术方向：物联网虚拟机、RTThread、AliOS等、uCOS、传感器网络操作系统、物联网操作系统、物联网嵌入式系统、FreeRTOS、物联网内核、LiteOS
分类号：G16Y、H04L、H04W、G06F9/00、G05B19/00
2.边缘计算
技术方向：边缘网络、边缘计算、边缘云、边缘物联、边缘数据传输、端端协同、端云协同、云边缘
分类号：H04N、G05B、G06F、G06T、G06N、H04L、G06K、H04W、G06Q、G06V
3.数字孪生
技术方向：数字镜像、数字映射、信息物理系统、信息镜像模型CPS、数字孪生、数字双胞胎
分类号：G16Y、G06F、G06N、G06Q、G06T、G06K9/00、H04L41/00、G05B17/00、H04B17/00、G05B19/00
4.安全
1.终端安全
技术方向：端点防护、终端安全、EPP、CWPP、节点保护、芯片安全、节点安全、云工作负载保护、EDR
分类号：H04L、G06K、H04W、G06F11/00、G16Y30/00、G16Y40/00、G06F21/00
2.传输安全
技术方向：物联网网关、物联网防病毒网关、工业互联网网关、物联网安全网关、传感器网络网关
分类号：H04Q、H04L、H04J、G06N3/00、H04W12/00、G06F11/00、G16Y30/00、G16Y40/00、H04W88/00、G06F21/00
3.平台安全
技术方向：工业互联网访问、人脸识别、安全访问、虹膜识别、车联网访问、声纹识别访问权限、身份识别、语音识别、物联网访问、指纹识别、行为特征识别、生物特征识别、访问控制、访问管理
分类号：G16Y、G10L、G06F、G07C、H04L、G06K、H04W、G06V、G06N3/00、A61B5/00
4.安全管理
技术方向：物联网安全体系、工业互联网日志、物联网审计、工业互联网安全管理、物联网安全管理、工业互联网安全体系、工业互联网审计、物联网日志、物联网安全控制、工业互联网安全控制
分类号：H04L、G06N3/00、H04W12/00、H04W80/00、H04W40/00、H04W84/00、G06F11/00、G16Y30/00、G16Y40/00、G06F21/00
"
